Slow States of Collapse: Poems,../media/cache/72/41/72417db983862010ef0c1a25de98c7d7.jpg,Three,£57.31,In stock,slow-states-of-collapse-poems_960/index.html
Reasons to Stay Alive,../media/cache/cb/bd/cbbdb0222ee8a0f6ab61657412a15794.jpg,Two,£26.41,In stock,reasons-to-stay-alive_959/index.html
Private Paris (Private #10),../media/cache/9d/05/9d0533bae1578846d728a82913b95c26.jpg,Five,£47.61,In stock,private-paris-private-10_958/index.html
#HigherSelfie: Wake Up Your Life. Free Your Soul. Find Your Tribe.,../media/cache/9c/46/9c463c7631c82401160fd3b554b8f0e1.jpg,Five,£23.11,In stock,higherselfie-wake-up-your-life-free-your-soul-find-your-tribe_957/index.html
Without Borders (Wanderlove #1),../media/cache/24/e2/24e2f5c9d325c4004d8190c054da86dd.jpg,Two,£45.07,In stock,without-borders-wanderlove-1_956/index.html
When We Collided,../media/cache/08/04/08044269fc197645268a6197c57e6173.jpg,One,£31.77,In stock,when-we-collided_955/index.html
"We Love You, Charlie Freeman",../media/cache/5f/15/5f152afdbc42356ecba02f61058a7e5b.jpg,Five,£50.27,In stock,we-love-you-charlie-freeman_954/index.html
Untitled Collection: Sabbath Poems 2014,../media/cache/f9/3b/f93b4a650f03a5d21f2436d7813f42c2.jpg,Four,£14.27,In stock,untitled-collection-sabbath-poems-2014_953/index.html
"Unseen City: The Majesty of Pigeons, the Discreet Charm of Snails & Other Wonders of the Urban Wilderness",../media/cache/41/a2/41a20f35adf0caea24f208dc01ad7681.jpg,Four,£44.18,In stock,unseen-city-the-majesty-of-pigeons-the-discreet-charm-of-snails-other-wonders-of-the-urban-wilderness_952/index.html
Unicorn Tracks,../media/cache/76/8e/768ea5924ac1ef6297c2be9959c796c2.jpg,Three,£18.78,In stock,unicorn-tracks_951/index.html
"Unbound: How Eight Technologies Made Us Human, Transformed Society, and Brought Our World to the Brink",../media/cache/4a/3b/4a3b055f9e378a95fedbef55e7bab7ce.jpg,One,£25.52,In stock,unbound-how-eight-technologies-made-us-human-transformed-society-and-brought-our-world-to-the-brink_950/index.html
Tsubasa: WoRLD CHRoNiCLE 2 (Tsubasa WoRLD CHRoNiCLE #2),../media/cache/36/df/36df4caaf1420b1183a8235355d39e69.jpg,One,£16.28,In stock,tsubasa-world-chronicle-2-tsubasa-world-chronicle-2_949/index.html
Throwing Rocks at the Google Bus: How Growth Became the Enemy of Prosperity,../media/cache/03/86/038650c9e7517b4baf2a423cd8eed38f.jpg,Three,£31.12,In stock,throwing-rocks-at-the-google-bus-how-growth-became-the-enemy-of-prosperity_948/index.html
This One Summer,../media/cache/c4/dd/c4ddd9ced89966b0602ec85e00cd5b61.jpg,Four,£19.49,In stock,this-one-summer_947/index.html
Thirst,../media/cache/c4/0a/c40a64f59e7487b1a80a049f6ceb2ba5.jpg,Five,£17.27,In stock,thirst_946/index.html
The Torch Is Passed: A Harding Family Story,../media/cache/33/e5/33e507172541628acfd421503196b578.jpg,One,£19.09,In stock,the-torch-is-passed-a-harding-family-story_945/index.html
The Secret of Dreadwillow Carse,../media/cache/c4/a2/c4a2a1a026c67bcceb5a411c724d7d0c.jpg,One,£56.13,In stock,the-secret-of-dreadwillow-carse_944/index.html
"The Pioneer Woman Cooks: Dinnertime: Comfort Classics, Freezer Food, 16-Minute Meals, and Other Delicious Ways to Solve Supper!",../media/cache/b7/f4/b7f4843dbe062d44be1ffcfa16b2faa4.jpg,One,£56.41,In stock,the-pioneer-woman-cooks-dinnertime-comfort-classics-freezer-food-16-minute-meals-and-other-delicious-ways-to-solve-supper_943/index.html
The Past Never Ends,../media/cache/89/b8/89b850edb01851a91f64ba114b96acb6.jpg,Four,£56.50,In stock,the-past-never-ends_942/index.html
The Natural History of Us (The Fine Art of Pretending #2),../media/cache/5d/7f/5d7f496cdf5e5962a73ecdcc1505c1d5.jpg,Three,£45.22,In stock,the-natural-history-of-us-the-fine-art-of-pretending-2_941/index.html
It's Only the Himalayas,media/cache/27/a5/27a53d0bb95bdd88288eaf66c9230d7e.jpg,Two,£45.17,In stock,catalogue/its-only-the-himalayas_981/index.html
